key,value
severity_0_unburned,490382.09084092977
severity_1_low,30729.74586651475
severity_2_modlow,7344.214840891126
severity_3_modhigh,6379.425288102847
severity_4_high,8533.178467912208
burned_total_ha,52986.564463420924
