metric,value
pre_mean_NDVI,0.5354081975289877
post_mean_NDVI,0.47317309900691235
mean_dNDVI,-0.06223509852209235
mean_dNBR,0.07298979567388612
