metric,value
pre_mean_NDVI,0.5354081975289878
post_mean_NDVI,0.47317309900691235
mean_dNDVI,-0.062235098522092365
mean_dNBR,0.07298979567388611
