metric,value
pre_mean_NDVI,0.5837897038094086
post_mean_NDVI,0.5110459103804871
mean_dNDVI,-0.07274379342895253
mean_dNBR,0.07400323923796419
