metric,value
pre_mean_NDVI,0.3648205525302865
post_mean_NDVI,0.34446691058593926
mean_dNDVI,-0.020358048936510043
mean_dNBR,-0.03804664299391048
