metric,value
pre_mean_NDVI,0.4512363317636649
post_mean_NDVI,0.4310298119681109
mean_dNDVI,-0.021754316789242518
mean_dNBR,0.003119387771070351
